{
    "theta": [
        618395.0051077841,
        252703.046925826,
        14839.554832685091,
        6681.64074645439,
        20150.225652077337,
        19209.565413266937,
        4121.1617946337965,
        408.7185627698577
    ],
    "X_std": [
        1266.0150212701399,
        1.427053479254741,
        0.8140350491376214,
        20.518937544599712,
        1.2871294180763388,
        0.8205473534072689,
        2.9107765988071406
    ],
    "X_mean": [
        2810.5857142857144,
        2.974285714285714,
        1.9857142857142858,
        1986.4814285714285,
        2.802131691165913,
        1.0314285714285714,
        5.577142857142857
    ]
}
